{
  "taskLibrary": {
    "pets": {
      "funny moments": {
        "tasks": [
          {
            "id": "1",
            "type": "translate",
            "content": "my cat is wery funny!",
            "answer": "моя кошка очень весёлая",
            "answerOptions": ["Моя", "Весёлая", "Очень", "Кошка", "Злая"]
          },
          {
            "id": "2",
            "type": "translate",
            "content": "Мой кролик любит спать в коробке",
            "answer": "my rabbit loves to sleep in a box",
            "answerOptions": [
              "My",
              "Rabbit",
              "Loves",
              "To",
              "Sleep",
              "In",
              "A",
              "Box",
              "Bed"
            ]
          },
          {
            "id": "3",
            "type": "audition",
            "content": "my dog bark on a neghbours every morning",
            "answer": "моя собака лает на соседей каждое утро",
            "answerOptions": [
              "Моя",
              "Собака",
              "Лает",
              "На",
              "Соседей",
              "Каждое",
              "Утро",
              "Ночь"
            ]
          },
          {
            "id": "4",
            "type": "pairs",
            "content": "Соедините слова",
            "lang": "en",
            "pairs": [
              { "ru": "собака", "en": "dog" },
              { "ru": "кот", "en": "cat" },
              { "ru": "кролик", "en": "rabbit" },
              { "ru": "мышь", "en": "mouse" },
              { "ru": "корова", "en": "cow" }
            ]
          }
        ]
      }
    }
  }
}
